edad,ingresos_anuales,deuda_actual,tipo_empleo,vivienda,historial_crediticio,aprobado
53,31581.7,5020.7,asalariado,propia,bueno,si
27,73765.0,9383.5,asalariado,alquiler,bueno,si
45,24401.7,32565.5,autonomo,alquiler,bueno,no
61,58718.0,1765.9,autonomo,propia,malo,no
27,24822.7,12328.0,autonomo,hipoteca,bueno,no
57,48151.0,5964.8,asalariado,propia,malo,si
31,74525.1,11584.3,autonomo,propia,bueno,si
20,50584.9,28263.3,autonomo,propia,bueno,si
21,70835.9,2837.7,asalariado,propia,malo,si
44,22608.8,33153.5,asalariado,propia,bueno,si
66,85170.0,18447.8,asalariado,alquiler,bueno,si
41,75875.5,21294.6,asalariado,propia,malo,no
19,81954.3,38307.1,asalariado,hipoteca,bueno,si
35,74775.5,5942.0,asalariado,propia,regular,si
58,67698.9,28598.0,asalariado,alquiler,malo,no
36,85176.3,1085.7,asalariado,propia,bueno,si
40,28373.8,39739.4,asalariado,propia,bueno,no
61,22614.9,1683.4,autonomo,hipoteca,bueno,no
32,59083.4,25379.0,autonomo,propia,bueno,si
30,85475.4,39497.1,autonomo,propia,malo,si
47,59822.3,28499.2,asalariado,alquiler,bueno,si
36,87538.3,18545.9,asalariado,hipoteca,malo,si
18,34366.1,37612.0,autonomo,alquiler,regular,no
66,87545.3,35621.8,asalariado,alquiler,regular,no
61,72817.5,11220.4,asalariado,alquiler,malo,no
53,34890.2,11085.0,asalariado,hipoteca,regular,no
60,81846.3,31151.8,desempleado,hipoteca,regular,no
26,61952.0,8449.6,autonomo,alquiler,regular,no
36,57442.6,28827.3,asalariado,alquiler,malo,no
67,25556.4,2227.3,asalariado,alquiler,bueno,si
64,53962.3,14699.7,asalariado,hipoteca,regular,si
63,43169.5,7340.1,desempleado,alquiler,regular,no
22,54036.3,35225.8,asalariado,hipoteca,malo,no
33,61456.5,744.8,desempleado,alquiler,regular,no
33,85959.4,30088.6,asalariado,alquiler,regular,no
45,46817.1,13755.1,asalariado,alquiler,regular,si
53,28770.1,5436.5,autonomo,propia,malo,no
48,45867.5,6217.4,asalariado,alquiler,bueno,si
52,35521.1,25674.7,autonomo,hipoteca,bueno,si
40,35283.4,31621.0,autonomo,alquiler,regular,no
69,69376.3,9023.8,asalariado,alquiler,malo,si
49,73106.3,18060.7,desempleado,alquiler,malo,no
40,33127.9,22508.7,asalariado,propia,malo,si
43,70594.6,16560.7,asalariado,propia,malo,no
67,56051.6,8336.9,desempleado,hipoteca,regular,no
44,44072.8,2528.3,asalariado,hipoteca,regular,no
26,47648.9,5369.3,asalariado,propia,bueno,si
30,84330.8,33085.0,autonomo,alquiler,regular,no
33,59015.2,2007.3,asalariado,hipoteca,bueno,si
45,70953.2,36049.7,autonomo,hipoteca,bueno,si
60,79454.5,37661.7,autonomo,hipoteca,bueno,si
62,34695.9,28472.6,desempleado,hipoteca,malo,no
28,40419.4,32824.4,asalariado,alquiler,malo,no
62,45630.9,34002.6,asalariado,propia,malo,no
45,87851.2,1225.4,autonomo,hipoteca,bueno,si
57,29862.5,6126.3,asalariado,alquiler,regular,no
32,89622.6,19258.9,autonomo,alquiler,bueno,si
67,81953.7,38576.7,asalariado,propia,regular,no
20,78347.1,18157.6,autonomo,hipoteca,malo,no
25,64254.9,24550.1,asalariado,hipoteca,regular,si
37,31539.2,4540.7,asalariado,alquiler,regular,no
54,32466.7,25088.4,autonomo,alquiler,malo,no
33,41103.2,16379.9,autonomo,propia,bueno,si
57,63030.1,19108.3,desempleado,alquiler,malo,no
28,68355.2,37923.2,asalariado,propia,regular,si
43,89010.3,6116.3,autonomo,propia,regular,si
53,40720.3,6992.4,asalariado,propia,bueno,si
29,71456.3,14600.2,desempleado,propia,regular,si
20,32483.7,22837.4,autonomo,hipoteca,malo,no
65,80999.8,3063.8,asalariado,hipoteca,bueno,si
22,32262.9,9955.3,asalariado,alquiler,regular,no
44,71196.0,35399.1,autonomo,alquiler,regular,no
68,41828.3,23480.1,asalariado,hipoteca,malo,no
30,63566.2,23258.3,asalariado,propia,bueno,si
49,28505.3,32491.1,desempleado,propia,malo,no
56,55369.1,6497.3,asalariado,hipoteca,regular,si
37,24777.6,7104.4,autonomo,hipoteca,bueno,si
54,52511.7,36933.4,asalariado,propia,bueno,si
43,87821.4,38546.4,asalariado,hipoteca,regular,si
22,33670.1,15320.6,asalariado,hipoteca,bueno,no
39,33275.0,32624.5,asalariado,hipoteca,regular,no
56,61920.9,7752.1,autonomo,hipoteca,bueno,si
42,69683.7,26178.0,asalariado,alquiler,malo,no
28,29756.7,24753.6,asalariado,alquiler,malo,no
51,33444.1,25341.6,desempleado,alquiler,bueno,no
58,47509.2,21210.3,asalariado,alquiler,bueno,no
60,83858.7,38222.7,desempleado,hipoteca,malo,no
40,27226.8,32356.2,autonomo,hipoteca,regular,no
20,77813.9,4761.3,autonomo,alquiler,regular,si
23,69805.5,9895.6,asalariado,alquiler,regular,si
18,70586.5,29455.7,autonomo,hipoteca,regular,no
67,33966.6,18188.4,asalariado,propia,malo,no
40,73115.7,1405.4,autonomo,hipoteca,bueno,si
64,57647.3,35173.4,desempleado,alquiler,bueno,no
58,70342.4,29819.6,asalariado,hipoteca,bueno,si
23,43085.9,34634.3,asalariado,propia,regular,si
53,32567.9,28755.8,autonomo,alquiler,regular,no
36,50861.3,33984.9,asalariado,hipoteca,regular,no
25,68402.3,23720.8,asalariado,propia,malo,si
69,57838.7,19874.2,autonomo,alquiler,malo,no
34,63051.7,11610.4,asalariado,alquiler,bueno,si
49,25140.6,34088.6,asalariado,alquiler,bueno,si
21,25018.6,9225.2,asalariado,propia,regular,si
70,58314.2,27804.4,asalariado,propia,regular,si
25,66472.0,6465.4,asalariado,alquiler,malo,no
45,57971.4,36527.5,asalariado,hipoteca,regular,no
54,31243.6,24037.0,asalariado,hipoteca,malo,no
40,52603.6,16682.8,desempleado,hipoteca,bueno,si
59,55897.7,14414.5,autonomo,propia,malo,si
50,54144.0,33003.6,autonomo,hipoteca,bueno,si
56,24437.7,16254.2,asalariado,hipoteca,malo,no
46,59967.1,25774.5,asalariado,alquiler,regular,no
53,74139.8,10022.3,asalariado,propia,bueno,si
30,46413.5,31702.5,asalariado,propia,regular,si
49,26941.1,4728.3,autonomo,hipoteca,malo,no
66,31291.5,7508.0,autonomo,propia,malo,no
39,46575.2,35381.2,asalariado,hipoteca,bueno,si
45,56219.8,33404.2,asalariado,propia,bueno,si
57,47196.0,16896.2,asalariado,alquiler,regular,no
42,43125.0,22679.0,asalariado,hipoteca,malo,no
45,74228.4,35919.4,autonomo,hipoteca,malo,no
19,52944.0,4826.4,asalariado,hipoteca,malo,no
18,35690.8,33648.3,autonomo,alquiler,regular,no
47,22162.0,22430.2,autonomo,hipoteca,malo,no
57,55461.4,38376.8,asalariado,alquiler,bueno,no
70,36905.4,12740.0,asalariado,alquiler,regular,no
40,86416.1,5708.3,autonomo,propia,bueno,si
29,85379.8,7282.5,autonomo,propia,malo,si
53,57090.3,16702.1,asalariado,hipoteca,regular,no
64,81456.1,31067.6,asalariado,propia,regular,si
21,83714.1,6058.1,desempleado,hipoteca,bueno,si
50,84916.8,3298.0,asalariado,propia,regular,si
62,35459.1,13453.5,autonomo,propia,regular,no
56,57247.4,31784.6,asalariado,propia,regular,no
32,40919.1,23825.6,asalariado,alquiler,regular,no
70,68289.8,33721.8,desempleado,alquiler,malo,no
24,61839.3,16681.6,desempleado,propia,malo,no
23,42989.6,5915.3,asalariado,alquiler,bueno,si
21,50608.0,7448.3,desempleado,propia,regular,si
62,73755.0,32123.7,autonomo,alquiler,malo,no
23,59627.9,3042.0,autonomo,propia,malo,si
50,89276.7,8225.7,asalariado,alquiler,bueno,si
26,79696.5,34500.7,asalariado,alquiler,regular,no
20,28834.1,5744.2,asalariado,propia,bueno,si
69,34874.8,5536.9,autonomo,propia,malo,si
69,74533.0,12749.6,asalariado,propia,bueno,si
43,31028.2,15438.8,autonomo,propia,bueno,si
37,47757.6,23806.6,asalariado,hipoteca,bueno,si
18,87840.9,14688.6,asalariado,hipoteca,regular,si
21,68144.0,4578.4,autonomo,propia,bueno,si
26,51707.4,38390.5,desempleado,hipoteca,bueno,no
60,58106.4,15579.1,desempleado,propia,regular,no
40,78230.6,2118.5,asalariado,hipoteca,malo,si
55,28431.6,28610.2,asalariado,propia,regular,si
66,73523.6,38145.8,asalariado,propia,regular,no
57,66080.0,14855.2,asalariado,propia,regular,si
30,31802.7,15458.1,asalariado,propia,bueno,si
56,89217.4,8786.6,autonomo,alquiler,malo,si
23,32797.1,38321.1,asalariado,hipoteca,bueno,si
21,39110.6,20744.3,asalariado,alquiler,bueno,si
22,44870.7,3860.3,desempleado,propia,bueno,si
58,60746.7,23328.3,asalariado,propia,bueno,si
21,31549.7,14425.8,desempleado,alquiler,regular,no
29,48954.5,11221.1,autonomo,hipoteca,malo,no
25,26987.4,22082.8,asalariado,hipoteca,regular,no
18,39955.1,30605.5,asalariado,alquiler,malo,no
67,68165.2,4888.3,asalariado,hipoteca,malo,no
54,22481.5,31186.9,autonomo,hipoteca,bueno,no
48,30559.4,36192.0,asalariado,alquiler,bueno,no
23,45938.9,38589.8,asalariado,hipoteca,regular,si
50,45123.0,35417.1,asalariado,hipoteca,regular,si
46,86988.5,18761.9,autonomo,hipoteca,bueno,si
32,77594.9,22997.9,asalariado,hipoteca,regular,no
52,65667.0,6277.0,asalariado,hipoteca,bueno,si
43,52174.1,7175.9,asalariado,alquiler,malo,no
48,64723.1,24222.7,autonomo,hipoteca,bueno,no
26,41343.5,2935.7,desempleado,hipoteca,bueno,si
69,28821.3,14956.7,asalariado,alquiler,bueno,si
22,40784.8,12705.5,asalariado,propia,regular,si
47,71047.6,34626.8,asalariado,propia,regular,si
69,42627.8,15897.4,autonomo,propia,malo,no
22,36375.4,19792.1,asalariado,alquiler,bueno,no
31,41151.1,21424.8,asalariado,hipoteca,bueno,si
20,75817.8,13869.2,asalariado,propia,bueno,si
18,88148.3,3054.0,asalariado,alquiler,regular,si
18,85488.0,11302.7,desempleado,propia,malo,si
41,42748.2,3505.1,autonomo,propia,regular,no
45,88640.4,23061.9,asalariado,alquiler,bueno,si
33,40497.3,13523.1,autonomo,propia,bueno,si
22,50753.2,16382.5,desempleado,propia,malo,no
24,22138.3,30243.2,desempleado,hipoteca,bueno,no
44,50252.9,30103.4,autonomo,propia,malo,no
59,36875.5,22842.3,desempleado,alquiler,bueno,no
36,61414.9,26786.7,autonomo,propia,regular,no
60,51329.6,8883.4,autonomo,alquiler,bueno,si
31,23588.4,5656.2,autonomo,propia,bueno,si
67,55122.4,8459.2,autonomo,alquiler,bueno,si
60,44259.4,22713.3,asalariado,alquiler,bueno,no
59,33342.9,33187.2,autonomo,alquiler,malo,no
22,52865.6,28128.1,asalariado,hipoteca,regular,no
30,51305.8,34363.8,autonomo,propia,malo,no
62,31518.6,33033.1,desempleado,hipoteca,malo,no
70,31154.1,37632.3,asalariado,alquiler,regular,no
65,67241.8,28908.7,desempleado,alquiler,bueno,no
26,58092.8,4222.0,asalariado,alquiler,bueno,si
67,38340.2,35765.2,asalariado,propia,regular,si
62,66655.9,22061.8,autonomo,alquiler,bueno,no
61,76192.9,36142.2,autonomo,propia,bueno,si
68,57181.4,33505.6,asalariado,hipoteca,regular,no
39,89132.0,6049.8,asalariado,hipoteca,bueno,si
59,50688.9,2862.4,desempleado,alquiler,regular,no
70,52896.6,9817.5,autonomo,alquiler,bueno,no
26,28281.0,21444.0,asalariado,hipoteca,regular,si
69,77153.5,14238.4,autonomo,hipoteca,bueno,no
59,64223.4,33119.7,autonomo,propia,bueno,si
57,73512.5,6034.4,asalariado,alquiler,bueno,si
25,58047.1,3555.8,autonomo,alquiler,regular,no
60,75705.6,35355.6,autonomo,propia,bueno,si
44,59041.7,31271.1,autonomo,propia,bueno,si
59,22659.1,30916.9,asalariado,alquiler,bueno,no
