superficie,habitaciones,banos,antiguedad,distancia_centro,precio
137.0,2,3,39,4.56,297.9
52.2,5,3,16,3.55,195.4
75.3,2,1,36,1.11,181.8
165.8,4,3,41,9.89,313.2
118.2,3,3,49,7.98,219.5
195.1,2,2,50,15.4,321.0
145.9,2,2,47,16.31,221.2
218.2,4,2,14,13.55,423.7
169.9,5,1,31,7.86,348.0
117.5,2,1,22,4.46,234.8
90.4,5,2,42,5.78,228.7
166.7,4,1,28,15.76,276.3
143.1,4,3,29,9.74,292.0
133.7,3,3,35,0.98,319.6
52.7,3,1,49,2.93,130.1
71.2,3,3,32,7.96,150.9
179.5,4,3,36,12.79,315.9
188.2,5,1,55,14.09,303.3
61.9,4,3,31,14.26,116.3
64.2,4,1,45,8.45,139.6
173.7,5,1,20,6.77,390.5
208.6,4,1,37,12.56,346.2
90.7,3,1,60,8.93,127.8
61.9,3,3,47,10.97,93.7
142.6,1,2,54,3.64,251.3
153.3,4,1,54,13.84,256.9
136.1,1,1,45,1.7,247.5
198.2,1,1,42,9.19,344.1
139.3,5,2,14,9.28,305.6
154.2,5,2,19,15.15,288.6
69.6,4,3,15,6.47,229.6
69.9,5,2,35,9.06,146.1
177.2,3,3,39,15.37,275.6
184.5,5,2,43,2.2,409.6
107.0,1,3,12,10.52,209.9
212.4,5,1,43,14.43,355.0
143.0,2,3,6,2.68,353.0
199.4,2,3,43,10.06,352.0
134.6,4,1,27,6.59,274.0
135.9,5,1,50,1.58,299.8
169.7,5,3,60,4.81,358.1
95.3,1,1,15,14.46,165.4
155.7,4,1,43,4.23,324.1
133.2,3,2,54,9.78,218.1
161.4,1,2,0,9.06,327.6
120.3,2,1,33,14.81,188.7
198.5,1,3,21,5.64,386.2
178.8,1,1,14,3.4,376.3
184.1,3,3,46,9.81,348.6
132.8,5,3,46,6.97,296.5
127.8,2,3,52,11.87,202.0
189.6,1,1,41,12.33,305.6
192.0,2,1,16,11.94,350.6
87.3,2,3,52,14.61,112.8
181.8,3,3,47,13.79,313.2
199.6,3,2,51,15.1,305.1
73.5,3,3,14,11.96,137.8
181.9,4,2,19,16.85,327.8
117.9,4,2,27,17.11,204.2
176.1,5,2,5,17.04,350.1
191.1,3,1,37,5.83,374.9
185.1,5,1,26,2.72,408.8
151.0,1,2,36,5.75,265.7
197.6,3,3,25,8.66,384.5
151.2,2,3,43,8.14,297.4
133.5,2,2,12,2.36,306.5
215.0,1,1,6,11.46,391.3
179.3,3,2,1,10.3,348.6
69.5,3,3,16,16.99,115.6
57.4,4,2,36,16.87,74.8
108.8,1,1,15,2.42,232.2
103.5,2,1,8,6.64,237.3
123.4,3,2,1,12.4,234.2
60.1,5,2,18,0.63,235.8
102.8,5,3,39,11.73,208.6
50.5,2,3,29,11.72,109.0
74.8,3,3,36,1.3,184.4
153.5,2,2,48,3.08,289.8
51.5,4,1,19,13.23,95.8
129.1,2,3,47,4.28,266.5
154.8,1,2,7,14.48,264.4
213.9,1,3,0,11.51,401.4
180.8,4,1,54,11.94,309.3
148.5,2,1,44,9.19,246.2
196.3,1,1,45,0.35,374.2
201.0,2,2,26,6.9,391.7
119.6,4,1,44,5.05,247.9
81.0,5,3,52,0.95,217.2
172.1,2,1,20,14.83,271.8
70.7,4,2,50,11.68,106.8
79.9,5,2,53,13.53,137.9
64.7,4,1,50,17.65,58.1
107.7,1,3,42,16.6,125.0
156.0,1,3,10,17.34,271.7
56.6,4,1,58,17.36,37.1
96.8,5,2,17,16.21,204.7
63.0,5,1,33,12.16,128.9
143.5,1,1,50,12.54,190.7
180.3,1,1,43,11.79,280.8
121.2,5,3,6,7.93,306.5
157.7,5,3,17,10.01,341.8
183.3,2,3,3,13.77,350.6
180.3,3,2,24,1.18,399.7
79.4,1,3,34,6.59,139.2
120.4,4,2,17,8.04,274.5
154.5,3,1,22,1.78,342.2
99.8,5,2,23,11.59,204.7
94.2,2,2,47,11.24,130.2
74.4,2,2,23,10.74,112.4
193.6,3,2,42,7.03,355.3
79.0,5,2,31,7.05,210.9
62.8,1,3,44,4.05,138.9
51.3,4,1,34,3.39,142.4
133.3,5,3,39,0.31,363.3
139.5,3,1,18,0.72,309.5
95.4,4,2,5,11.69,201.0
158.3,3,3,60,14.5,214.1
190.2,4,1,12,16.34,319.7
218.7,4,3,43,11.76,409.6
208.3,4,1,44,13.78,325.2
136.5,1,3,25,6.13,281.2
157.9,3,3,26,11.14,284.2
49.8,2,3,28,1.32,159.5
83.5,1,1,14,12.61,117.7
128.1,1,2,50,3.87,233.4
50.4,1,3,60,11.68,32.9
211.7,1,2,31,0.95,423.8
62.0,5,3,54,11.89,118.9
93.1,3,2,17,15.13,154.0
192.2,5,3,32,12.47,361.8
133.8,5,2,18,1.12,341.5
160.3,3,1,57,4.09,300.2
161.1,2,1,23,16.78,235.2
185.7,5,2,13,3.26,440.1
99.1,2,1,32,1.18,222.6
147.8,1,1,27,1.26,292.5
188.1,3,2,3,6.05,404.2
159.6,5,2,26,16.56,280.2
89.0,4,1,22,7.33,187.7
109.1,1,2,27,2.93,243.3
128.8,5,2,24,6.13,295.8
88.5,1,1,29,7.91,159.3
61.7,1,1,19,1.64,159.6
61.0,2,1,60,8.1,106.1
70.1,2,1,22,12.36,91.8
77.3,5,2,20,3.05,233.9
188.2,2,2,29,10.61,343.1
141.1,4,1,37,3.41,290.2
198.5,4,1,30,10.78,358.2
101.0,2,2,7,7.98,211.4
87.8,2,2,50,7.92,148.9
182.3,1,2,7,9.68,346.9
49.5,4,1,3,10.72,112.8
80.5,5,2,26,2.48,227.9
69.6,2,1,13,1.57,186.8
75.6,1,2,7,13.55,140.3
201.4,3,3,16,5.49,431.9
149.8,3,2,18,3.65,331.3
215.0,2,2,29,4.74,430.6
197.8,4,1,42,9.17,338.0
80.2,3,2,45,4.33,170.7
96.7,3,3,52,9.4,186.7
158.5,4,1,60,6.59,289.8
161.1,2,1,28,13.48,259.1
158.0,1,3,12,7.12,330.0
118.6,1,2,41,16.01,147.6
202.8,3,2,25,10.58,372.6
106.7,2,1,53,16.35,99.7
51.1,4,2,3,8.48,152.4
213.4,2,2,44,16.8,324.1
168.6,4,1,20,14.25,306.2
145.5,4,2,23,1.79,347.1
128.0,2,3,31,4.11,296.9
190.7,3,1,48,12.78,338.2
207.9,5,3,46,17.46,329.6
47.3,2,1,0,13.08,100.2
144.5,1,2,37,16.71,170.1
215.5,4,1,11,10.66,420.8
158.0,5,1,12,9.25,333.1
75.5,2,2,31,4.21,150.5
53.3,2,2,57,12.55,56.0
100.2,1,3,53,17.64,96.3
94.8,1,3,43,16.73,122.4
108.0,2,3,5,6.79,258.4
103.6,1,1,14,16.23,152.7
121.7,4,2,5,11.22,238.4
62.6,4,2,14,9.66,166.7
58.0,5,3,37,15.17,114.7
191.2,4,1,40,15.96,302.7
56.7,4,2,17,7.81,152.2
75.4,3,2,0,16.6,128.7
169.1,5,2,22,3.32,393.5
90.2,4,2,32,17.21,144.3
140.3,4,2,59,13.41,235.0
118.6,5,2,54,5.77,264.6
78.0,5,3,12,11.63,194.3
154.7,4,3,40,7.07,316.2
85.5,4,3,34,2.57,222.7
151.0,1,3,2,7.39,305.2
71.8,2,1,35,14.67,72.2
72.2,3,3,21,2.91,219.8
184.8,5,2,41,11.81,338.1
140.4,4,2,39,13.46,235.8
114.1,4,3,55,8.25,219.9
134.7,5,3,14,3.92,328.9
127.9,2,3,41,8.25,244.7
174.3,3,2,6,8.84,370.8
76.0,4,3,14,6.74,198.3
167.5,1,3,6,6.47,330.4
48.6,2,3,52,4.47,112.7
152.4,4,2,44,16.98,232.3
54.6,2,1,30,15.16,51.8
215.2,3,3,39,2.15,433.0
126.5,1,3,60,13.36,142.7
185.2,3,2,15,2.95,393.3
145.9,1,3,26,4.71,295.6
192.0,2,1,12,11.61,348.3
112.8,1,3,17,14.13,194.5
78.5,3,3,7,14.56,139.7
117.2,5,1,10,0.38,310.7
212.5,5,1,39,4.77,420.5
199.3,4,3,5,10.06,413.2
125.0,5,3,46,17.46,181.4
71.5,1,1,49,2.84,126.9
136.9,3,1,12,8.24,276.5
168.6,1,3,29,16.51,247.5
134.7,5,1,48,6.93,271.3
219.5,3,3,46,9.86,403.6
92.8,1,2,8,3.11,215.1
153.6,1,1,26,16.21,205.5
199.0,4,1,3,17.91,353.1
50.1,3,1,18,12.83,76.1
134.4,3,1,26,4.18,283.3
108.4,4,1,7,17.7,195.5
124.1,1,3,34,15.54,169.9
184.2,5,1,14,5.35,425.3
122.6,5,1,4,3.19,326.8
157.0,1,3,1,1.32,371.1
195.8,2,3,1,13.99,354.7
85.1,2,1,4,9.45,187.7
147.9,3,2,10,9.84,303.3
133.4,1,1,21,8.37,233.5
193.3,1,3,34,17.05,302.7
113.1,3,2,50,15.65,156.1
216.8,5,3,35,12.19,426.0
53.9,4,1,44,17.7,31.1
86.9,5,3,22,1.0,256.3
192.5,4,2,16,15.09,353.6
156.2,4,3,37,7.08,322.0
203.9,1,2,50,10.52,306.3
132.7,3,1,2,4.99,314.7
45.5,3,3,53,16.67,27.9
173.6,3,3,42,14.03,303.1
147.7,2,3,18,16.12,248.7
170.1,4,1,24,0.34,379.4
198.7,4,3,49,4.66,402.9
130.0,4,2,59,4.05,235.5
63.2,1,1,12,16.83,53.7
135.2,1,1,40,16.97,172.2
101.6,3,3,36,5.13,220.4
105.8,4,1,29,0.75,258.0
73.6,3,1,0,12.19,146.0
145.9,5,2,41,7.14,298.5
166.9,1,2,32,5.34,312.5
133.9,4,3,33,7.81,269.5
48.5,5,1,6,6.28,170.4
129.5,1,2,43,8.3,203.3
75.6,2,3,18,1.67,209.2
72.4,2,1,26,0.63,192.6
70.5,2,1,2,8.07,181.1
128.4,3,3,41,14.68,212.1
126.9,5,2,55,12.85,245.5
57.1,4,3,36,1.69,176.0
186.1,1,1,13,8.69,328.4
57.1,4,1,22,6.65,137.3
144.8,4,2,22,5.14,309.9
100.8,4,1,21,14.73,177.6
110.0,4,2,52,5.87,218.0
105.9,2,2,3,6.68,233.9
70.3,1,2,17,11.73,125.4
137.3,1,3,25,10.7,237.6
56.4,2,1,46,10.95,75.8
209.6,1,1,59,13.24,273.4
131.0,5,1,4,7.58,301.7
132.5,3,2,49,8.24,209.1
110.0,5,2,9,10.27,251.9
195.5,3,3,57,11.13,354.3
109.4,4,2,23,12.15,195.6
154.9,4,1,48,8.01,309.0
118.9,1,3,41,2.72,248.7
207.6,4,2,25,7.25,438.3
177.9,3,1,45,16.32,269.7
176.7,4,1,24,17.01,302.8
60.0,4,1,11,12.91,119.3
171.3,5,3,39,7.61,346.6
210.5,2,2,7,1.97,437.7
144.4,5,3,6,16.29,270.8
118.6,4,1,16,15.39,233.4
78.0,3,3,41,9.14,159.0
104.6,5,1,31,12.83,200.6
