superficie,habitaciones,antiguedad,distancia_centro,zona,precio
137.0,2,39,4.56,ensanche,297.9
52.2,5,16,3.55,centro,195.4
75.3,2,36,1.11,centro,181.8
,4,41,9.89,periferia,313.2
118.2,3,49,7.98,ensanche,219.5
195.1,2,50,15.4,,321.0
145.9,2,47,16.31,periferia,221.2
218.2,4,,13.55,periferia,423.7
169.9,5,31,7.86,ensanche,348.0
117.5,2,22,4.46,ensanche,234.8
90.4,5,42,5.78,ensanche,228.7
,4,28,15.76,periferia,276.3
143.1,4,29,9.74,periferia,292.0
133.7,3,35,0.98,centro,319.6
52.7,3,49,2.93,centro,130.1
71.2,3,32,7.96,ensanche,150.9
179.5,4,36,12.79,periferia,315.9
188.2,5,55,14.09,periferia,303.3
61.9,4,31,14.26,periferia,116.3
64.2,4,45,8.45,,139.6
173.7,5,20,6.77,ensanche,390.5
208.6,4,37,12.56,periferia,346.2
90.7,3,60,8.93,ensanche,127.8
61.9,3,47,10.97,periferia,93.7
142.6,1,54,3.64,centro,251.3
